Index,Repository,URL,Stars,Year,Expected_Vuln_Type,Has_HNP_Issue,Total_Findings,File_Path,Line_Number,Problem_Type,Sink_Type,Sink_Function,Exploit_Scenario,Risk_Level,Source_Code,Context,Status
2,RandallAnjie/EmbyController,https://github.com/RandallAnjie/EmbyController,304,2024,php_dangerous_url_construction_https (No defense),YES,2,temp_RandallAnjie\EmbyController\app\media\middleware\MediaAuth.php,34,Unknown,Unknown_Sink,Unknown,需要进一步分析具体的利用场景,LOW,无法获取,无法获取,success
2,RandallAnjie/EmbyController,https://github.com/RandallAnjie/EmbyController,304,2024,php_dangerous_url_construction_https (No defense),YES,2,temp_RandallAnjie\EmbyController\app\media\middleware\MediaAuth.php,35,Unknown,Unknown_Sink,Unknown,需要进一步分析具体的利用场景,LOW,无法获取,无法获取,success
3,xbow-engineering/validation-benchmarks,https://github.com/xbow-engineering/validation-benchmarks,214,2024,php_dangerous_url_construction_https (No defense),SKIP,0,,,,,,,,,timeout
4,Xinslive/MiniPix,https://github.com/Xinslive/MiniPix,113,2024,php_dangerous_url_construction_https (No defense),YES,3,temp_Xinslive\MiniPix\api-avif.php,171,Unknown,Unknown_Sink,Unknown,需要进一步分析具体的利用场景,LOW,无法获取,无法获取,success
4,Xinslive/MiniPix,https://github.com/Xinslive/MiniPix,113,2024,php_dangerous_url_construction_https (No defense),YES,3,temp_Xinslive\MiniPix\api.php,170,Unknown,Unknown_Sink,Unknown,需要进一步分析具体的利用场景,LOW,无法获取,无法获取,success
4,Xinslive/MiniPix,https://github.com/Xinslive/MiniPix,113,2024,php_dangerous_url_construction_https (No defense),YES,3,temp_Xinslive\MiniPix\other\install.php,18,Unknown,Unknown_Sink,Unknown,需要进一步分析具体的利用场景,LOW,无法获取,无法获取,success
5,Flute-CMS/cms,https://github.com/Flute-CMS/cms,113,2024,php_dangerous_url_construction_https (No defense),SKIP,0,,,,,,,,,timeout
6,bayufedra/MBPTL,https://github.com/bayufedra/MBPTL,285,2024,php_dangerous_url_construction_http (No defense),YES,1,temp_bayufedra\MBPTL\mbptl\mbptl-main\administrator\administrator\admin.php,22,Unknown,Unknown_Sink,Unknown,需要进一步分析具体的利用场景,LOW,无法获取,无法获取,success
7,pbootcmspro/PbootCMS,https://github.com/pbootcmspro/PbootCMS,189,2023,php_dangerous_url_construction_https (No defense),YES,10,temp_pbootcmspro\PbootCMS\apps\common\HomeController.php,35,Unknown,Unknown_Sink,Unknown,需要进一步分析具体的利用场景,LOW,无法获取,无法获取,success
7,pbootcmspro/PbootCMS,https://github.com/pbootcmspro/PbootCMS,189,2023,php_dangerous_url_construction_https (No defense),YES,10,temp_pbootcmspro\PbootCMS\apps\home\controller\IndexController.php,459,Unknown,Unknown_Sink,Unknown,需要进一步分析具体的利用场景,LOW,无法获取,无法获取,success
7,pbootcmspro/PbootCMS,https://github.com/pbootcmspro/PbootCMS,189,2023,php_dangerous_url_construction_https (No defense),YES,10,temp_pbootcmspro\PbootCMS\core\code.php,16,Unknown,Unknown_Sink,Unknown,需要进一步分析具体的利用场景,LOW,无法获取,无法获取,success
7,pbootcmspro/PbootCMS,https://github.com/pbootcmspro/PbootCMS,189,2023,php_dangerous_url_construction_https (No defense),YES,10,temp_pbootcmspro\PbootCMS\core\function\handle.php,297,Unknown,Unknown_Sink,Unknown,需要进一步分析具体的利用场景,LOW,无法获取,无法获取,success
7,pbootcmspro/PbootCMS,https://github.com/pbootcmspro/PbootCMS,189,2023,php_dangerous_url_construction_https (No defense),YES,10,temp_pbootcmspro\PbootCMS\core\function\handle.php,645,Unknown,Unknown_Sink,Unknown,需要进一步分析具体的利用场景,LOW,无法获取,无法获取,success
7,pbootcmspro/PbootCMS,https://github.com/pbootcmspro/PbootCMS,189,2023,php_dangerous_url_construction_https (No defense),YES,10,temp_pbootcmspro\PbootCMS\core\function\handle.php,647,Unknown,Unknown_Sink,Unknown,需要进一步分析具体的利用场景,LOW,无法获取,无法获取,success
7,pbootcmspro/PbootCMS,https://github.com/pbootcmspro/PbootCMS,189,2023,php_dangerous_url_construction_https (No defense),YES,10,temp_pbootcmspro\PbootCMS\core\function\handle.php,659,Unknown,Unknown_Sink,Unknown,需要进一步分析具体的利用场景,LOW,无法获取,无法获取,success
7,pbootcmspro/PbootCMS,https://github.com/pbootcmspro/PbootCMS,189,2023,php_dangerous_url_construction_https (No defense),YES,10,temp_pbootcmspro\PbootCMS\core\function\handle.php,661,Unknown,Unknown_Sink,Unknown,需要进一步分析具体的利用场景,LOW,无法获取,无法获取,success
7,pbootcmspro/PbootCMS,https://github.com/pbootcmspro/PbootCMS,189,2023,php_dangerous_url_construction_https (No defense),YES,10,temp_pbootcmspro\PbootCMS\core\function\handle.php,675,Unknown,Unknown_Sink,Unknown,需要进一步分析具体的利用场景,LOW,无法获取,无法获取,success
7,pbootcmspro/PbootCMS,https://github.com/pbootcmspro/PbootCMS,189,2023,php_dangerous_url_construction_https (No defense),YES,10,temp_pbootcmspro\PbootCMS\core\weixin\WxWebAuth.php,59,Unknown,Unknown_Sink,Unknown,需要进一步分析具体的利用场景,LOW,无法获取,无法获取,success
8,gogetta69/TMDB-To-VOD-Playlist,https://github.com/gogetta69/TMDB-To-VOD-Playlist,185,2023,php_dangerous_url_construction_http (No defense),YES,6,temp_gogetta69\TMDB-To-VOD-Playlist\config.php,226,Unknown,Unknown_Sink,Unknown,需要进一步分析具体的利用场景,LOW,无法获取,无法获取,success
8,gogetta69/TMDB-To-VOD-Playlist,https://github.com/gogetta69/TMDB-To-VOD-Playlist,185,2023,php_dangerous_url_construction_http (No defense),YES,6,temp_gogetta69\TMDB-To-VOD-Playlist\create_playlist.php,19,Unknown,Unknown_Sink,Unknown,需要进一步分析具体的利用场景,LOW,无法获取,无法获取,success
8,gogetta69/TMDB-To-VOD-Playlist,https://github.com/gogetta69/TMDB-To-VOD-Playlist,185,2023,php_dangerous_url_construction_http (No defense),YES,6,temp_gogetta69\TMDB-To-VOD-Playlist\create_playlist.php,19,Unknown,Unknown_Sink,Unknown,需要进一步分析具体的利用场景,LOW,无法获取,无法获取,success
8,gogetta69/TMDB-To-VOD-Playlist,https://github.com/gogetta69/TMDB-To-VOD-Playlist,185,2023,php_dangerous_url_construction_http (No defense),YES,6,temp_gogetta69\TMDB-To-VOD-Playlist\create_playlist.php,20,Unknown,Unknown_Sink,Unknown,需要进一步分析具体的利用场景,LOW,无法获取,无法获取,success
8,gogetta69/TMDB-To-VOD-Playlist,https://github.com/gogetta69/TMDB-To-VOD-Playlist,185,2023,php_dangerous_url_construction_http (No defense),YES,6,temp_gogetta69\TMDB-To-VOD-Playlist\create_tv_playlist.php,16,Unknown,Unknown_Sink,Unknown,需要进一步分析具体的利用场景,LOW,无法获取,无法获取,success
8,gogetta69/TMDB-To-VOD-Playlist,https://github.com/gogetta69/TMDB-To-VOD-Playlist,185,2023,php_dangerous_url_construction_http (No defense),YES,6,temp_gogetta69\TMDB-To-VOD-Playlist\play.php,9022,Unknown,Unknown_Sink,Unknown,需要进一步分析具体的利用场景,LOW,无法获取,无法获取,success
9,felixarntz/felixarntz-mu-plugins,https://github.com/felixarntz/felixarntz-mu-plugins,157,2023,php_dangerous_url_construction_http (No defense),YES,1,temp_felixarntz\felixarntz-mu-plugins\felixarntz-mu-plugins\make-site-private.php,60,Unknown,Unknown_Sink,Unknown,需要进一步分析具体的利用场景,LOW,无法获取,无法获取,success
10,ZanborPanel/ZanborPanel,https://github.com/ZanborPanel/ZanborPanel,257,2023,php_dangerous_url_construction_https (No defense),YES,2,temp_ZanborPanel\ZanborPanel\config.php,6,Unknown,Unknown_Sink,Unknown,需要进一步分析具体的利用场景,LOW,无法获取,无法获取,success
10,ZanborPanel/ZanborPanel,https://github.com/ZanborPanel/ZanborPanel,257,2023,php_dangerous_url_construction_https (No defense),YES,2,temp_ZanborPanel\ZanborPanel\install\install.php,22,Unknown,Unknown_Sink,Unknown,需要进一步分析具体的利用场景,LOW,无法获取,无法获取,success
11,csalab-id/csaf,https://github.com/csalab-id/csaf,100,2023,php_dangerous_url_construction_server_name (No defense),YES,4,temp_csalab-id\csaf\data\dvwa\dvwa\includes\dvwaPage.inc.php,45,Unknown,Unknown_Sink,Unknown,需要进一步分析具体的利用场景,LOW,无法获取,无法获取,success
11,csalab-id/csaf,https://github.com/csalab-id/csaf,100,2023,php_dangerous_url_construction_server_name (No defense),YES,4,temp_csalab-id\csaf\data\dvwa\vulnerabilities\fi\file3.php,19,Unknown,Unknown_Sink,Unknown,需要进一步分析具体的利用场景,LOW,无法获取,无法获取,success
11,csalab-id/csaf,https://github.com/csalab-id/csaf,100,2023,php_dangerous_url_construction_server_name (No defense),YES,4,temp_csalab-id\csaf\data\dvwa\vulnerabilities\weak_id\source\high.php,11,Unknown,Unknown_Sink,Unknown,需要进一步分析具体的利用场景,LOW,无法获取,无法获取,success
11,csalab-id/csaf,https://github.com/csalab-id/csaf,100,2023,php_dangerous_url_construction_server_name (No defense),YES,4,temp_csalab-id\csaf\data\dvwa\vulnerabilities\weak_id\source\impossible.php,7,Unknown,Unknown_Sink,Unknown,需要进一步分析具体的利用场景,LOW,无法获取,无法获取,success
12,codeartx/awesome-security,https://github.com/codeartx/awesome-security,335,2022,php_dangerous_url_construction_server_name (No defense),SKIP,0,,,,,,,,,clone_failed
13,stokry/wp-sqlite,https://github.com/stokry/wp-sqlite,326,2022,php_dangerous_url_construction_https (No defense),SKIP,0,,,,,,,,,timeout
14,dolevf/Black-Hat-Bash,https://github.com/dolevf/Black-Hat-Bash,289,2022,php_dangerous_url_construction_https (No defense),SKIP,0,,,,,,,,,timeout
15,likeyun/liKeYun_Dwz,https://github.com/likeyun/liKeYun_Dwz,201,2021,php_dangerous_url_construction_server_name (No defense),NO,0,,,,,,,,,success
16,bellshade/PHP,https://github.com/bellshade/PHP,146,2021,php_dangerous_url_construction_http (No defense),YES,2,temp_bellshade\PHP\utilities\Kalkulator_sederhana\index.php,8,Unknown,Unknown_Sink,Unknown,需要进一步分析具体的利用场景,LOW,无法获取,无法获取,success
16,bellshade/PHP,https://github.com/bellshade/PHP,146,2021,php_dangerous_url_construction_http (No defense),YES,2,temp_bellshade\PHP\utilities\Kalkulator_sederhana\kalkulator_syzkii\index.php,9,Unknown,Unknown_Sink,Unknown,需要进一步分析具体的利用场景,LOW,无法获取,无法获取,success
17,qkqpttgf/OfficeAdmin,https://github.com/qkqpttgf/OfficeAdmin,110,2021,php_dangerous_url_construction_https (No defense),YES,18,temp_qkqpttgf\OfficeAdmin\common.php,89,Unknown,Unknown_Sink,Unknown,需要进一步分析具体的利用场景,LOW,无法获取,无法获取,success
17,qkqpttgf/OfficeAdmin,https://github.com/qkqpttgf/OfficeAdmin,110,2021,php_dangerous_url_construction_https (No defense),YES,18,temp_qkqpttgf\OfficeAdmin\platform\AliyunFC.php,59,Unknown,Unknown_Sink,Unknown,需要进一步分析具体的利用场景,LOW,无法获取,无法获取,success
17,qkqpttgf/OfficeAdmin,https://github.com/qkqpttgf/OfficeAdmin,110,2021,php_dangerous_url_construction_https (No defense),YES,18,temp_qkqpttgf\OfficeAdmin\platform\AliyunFC.php,61,Unknown,Unknown_Sink,Unknown,需要进一步分析具体的利用场景,LOW,无法获取,无法获取,success
17,qkqpttgf/OfficeAdmin,https://github.com/qkqpttgf/OfficeAdmin,110,2021,php_dangerous_url_construction_https (No defense),YES,18,temp_qkqpttgf\OfficeAdmin\platform\BaiduCFC.php,48,Unknown,Unknown_Sink,Unknown,需要进一步分析具体的利用场景,LOW,无法获取,无法获取,success
17,qkqpttgf/OfficeAdmin,https://github.com/qkqpttgf/OfficeAdmin,110,2021,php_dangerous_url_construction_https (No defense),YES,18,temp_qkqpttgf\OfficeAdmin\platform\BaiduCFC.php,50,Unknown,Unknown_Sink,Unknown,需要进一步分析具体的利用场景,LOW,无法获取,无法获取,success
17,qkqpttgf/OfficeAdmin,https://github.com/qkqpttgf/OfficeAdmin,110,2021,php_dangerous_url_construction_https (No defense),YES,18,temp_qkqpttgf\OfficeAdmin\platform\Heroku.php,32,Unknown,Unknown_Sink,Unknown,需要进一步分析具体的利用场景,LOW,无法获取,无法获取,success
17,qkqpttgf/OfficeAdmin,https://github.com/qkqpttgf/OfficeAdmin,110,2021,php_dangerous_url_construction_https (No defense),YES,18,temp_qkqpttgf\OfficeAdmin\platform\Heroku.php,181,Unknown,Unknown_Sink,Unknown,需要进一步分析具体的利用场景,LOW,无法获取,无法获取,success
17,qkqpttgf/OfficeAdmin,https://github.com/qkqpttgf/OfficeAdmin,110,2021,php_dangerous_url_construction_https (No defense),YES,18,temp_qkqpttgf\OfficeAdmin\platform\Heroku.php,181,Unknown,Unknown_Sink,Unknown,需要进一步分析具体的利用场景,LOW,无法获取,无法获取,success
17,qkqpttgf/OfficeAdmin,https://github.com/qkqpttgf/OfficeAdmin,110,2021,php_dangerous_url_construction_https (No defense),YES,18,temp_qkqpttgf\OfficeAdmin\platform\HuaweiFG_env.php,50,Unknown,Unknown_Sink,Unknown,需要进一步分析具体的利用场景,LOW,无法获取,无法获取,success
17,qkqpttgf/OfficeAdmin,https://github.com/qkqpttgf/OfficeAdmin,110,2021,php_dangerous_url_construction_https (No defense),YES,18,temp_qkqpttgf\OfficeAdmin\platform\HuaweiFG_env.php,71,Unknown,Unknown_Sink,Unknown,需要进一步分析具体的利用场景,LOW,无法获取,无法获取,success
17,qkqpttgf/OfficeAdmin,https://github.com/qkqpttgf/OfficeAdmin,110,2021,php_dangerous_url_construction_https (No defense),YES,18,temp_qkqpttgf\OfficeAdmin\platform\HuaweiFG_file.php,50,Unknown,Unknown_Sink,Unknown,需要进一步分析具体的利用场景,LOW,无法获取,无法获取,success
17,qkqpttgf/OfficeAdmin,https://github.com/qkqpttgf/OfficeAdmin,110,2021,php_dangerous_url_construction_https (No defense),YES,18,temp_qkqpttgf\OfficeAdmin\platform\HuaweiFG_file.php,71,Unknown,Unknown_Sink,Unknown,需要进一步分析具体的利用场景,LOW,无法获取,无法获取,success
17,qkqpttgf/OfficeAdmin,https://github.com/qkqpttgf/OfficeAdmin,110,2021,php_dangerous_url_construction_https (No defense),YES,18,temp_qkqpttgf\OfficeAdmin\platform\Normal.php,16,Unknown,Unknown_Sink,Unknown,需要进一步分析具体的利用场景,LOW,无法获取,无法获取,success
17,qkqpttgf/OfficeAdmin,https://github.com/qkqpttgf/OfficeAdmin,110,2021,php_dangerous_url_construction_https (No defense),YES,18,temp_qkqpttgf\OfficeAdmin\platform\TencentSCF_env.php,35,Unknown,Unknown_Sink,Unknown,需要进一步分析具体的利用场景,LOW,无法获取,无法获取,success
17,qkqpttgf/OfficeAdmin,https://github.com/qkqpttgf/OfficeAdmin,110,2021,php_dangerous_url_construction_https (No defense),YES,18,temp_qkqpttgf\OfficeAdmin\platform\TencentSCF_env.php,57,Unknown,Unknown_Sink,Unknown,需要进一步分析具体的利用场景,LOW,无法获取,无法获取,success
17,qkqpttgf/OfficeAdmin,https://github.com/qkqpttgf/OfficeAdmin,110,2021,php_dangerous_url_construction_https (No defense),YES,18,temp_qkqpttgf\OfficeAdmin\platform\TencentSCF_file.php,35,Unknown,Unknown_Sink,Unknown,需要进一步分析具体的利用场景,LOW,无法获取,无法获取,success
17,qkqpttgf/OfficeAdmin,https://github.com/qkqpttgf/OfficeAdmin,110,2021,php_dangerous_url_construction_https (No defense),YES,18,temp_qkqpttgf\OfficeAdmin\platform\TencentSCF_file.php,57,Unknown,Unknown_Sink,Unknown,需要进一步分析具体的利用场景,LOW,无法获取,无法获取,success
17,qkqpttgf/OfficeAdmin,https://github.com/qkqpttgf/OfficeAdmin,110,2021,php_dangerous_url_construction_https (No defense),YES,18,temp_qkqpttgf\OfficeAdmin\platform\Vercel.php,16,Unknown,Unknown_Sink,Unknown,需要进一步分析具体的利用场景,LOW,无法获取,无法获取,success
18,minical/minical,https://github.com/minical/minical,217,2021,php_dangerous_url_construction_https (No defense),SKIP,0,,,,,,,,,timeout
19,dedecms/DedeCMS,https://github.com/dedecms/DedeCMS,152,2020,php_dangerous_url_construction_http (No defense),SKIP,0,,,,,,,,,timeout
20,LibreBooking/app,https://github.com/LibreBooking/app,551,2020,php_dangerous_url_construction_server_name (No defense),SKIP,0,,,,,,,,,timeout
21,likeyun/liKeYun_TbkTool,https://github.com/likeyun/liKeYun_TbkTool,187,2020,php_dangerous_url_construction_server_name (No defense),YES,10,temp_likeyun\liKeYun_TbkTool\admin\Creat-ActiveZjy-do.php,76,Unknown,Unknown_Sink,Unknown,需要进一步分析具体的利用场景,LOW,无法获取,无法获取,success
21,likeyun/liKeYun_TbkTool,https://github.com/likeyun/liKeYun_TbkTool,187,2020,php_dangerous_url_construction_server_name (No defense),YES,10,temp_likeyun\liKeYun_TbkTool\admin\Creat-ActiveZjy.php,164,Unknown,Unknown_Sink,Unknown,需要进一步分析具体的利用场景,LOW,无法获取,无法获取,success
21,likeyun/liKeYun_TbkTool,https://github.com/likeyun/liKeYun_TbkTool,187,2020,php_dangerous_url_construction_server_name (No defense),YES,10,temp_likeyun\liKeYun_TbkTool\admin\Creat-ActiveZjy.php,164,Unknown,Unknown_Sink,Unknown,需要进一步分析具体的利用场景,LOW,无法获取,无法获取,success
21,likeyun/liKeYun_TbkTool,https://github.com/likeyun/liKeYun_TbkTool,187,2020,php_dangerous_url_construction_server_name (No defense),YES,10,temp_likeyun\liKeYun_TbkTool\admin\Creat-ActiveZjy.php,173,Unknown,Unknown_Sink,Unknown,需要进一步分析具体的利用场景,LOW,无法获取,无法获取,success
21,likeyun/liKeYun_TbkTool,https://github.com/likeyun/liKeYun_TbkTool,187,2020,php_dangerous_url_construction_server_name (No defense),YES,10,temp_likeyun\liKeYun_TbkTool\admin\Creat-ActiveZjy.php,173,Unknown,Unknown_Sink,Unknown,需要进一步分析具体的利用场景,LOW,无法获取,无法获取,success
21,likeyun/liKeYun_TbkTool,https://github.com/likeyun/liKeYun_TbkTool,187,2020,php_dangerous_url_construction_server_name (No defense),YES,10,temp_likeyun\liKeYun_TbkTool\admin\Creat-Zjy-do.php,110,Unknown,Unknown_Sink,Unknown,需要进一步分析具体的利用场景,LOW,无法获取,无法获取,success
21,likeyun/liKeYun_TbkTool,https://github.com/likeyun/liKeYun_TbkTool,187,2020,php_dangerous_url_construction_server_name (No defense),YES,10,temp_likeyun\liKeYun_TbkTool\admin\Creat-Zjy.php,139,Unknown,Unknown_Sink,Unknown,需要进一步分析具体的利用场景,LOW,无法获取,无法获取,success
21,likeyun/liKeYun_TbkTool,https://github.com/likeyun/liKeYun_TbkTool,187,2020,php_dangerous_url_construction_server_name (No defense),YES,10,temp_likeyun\liKeYun_TbkTool\admin\Creat-Zjy.php,139,Unknown,Unknown_Sink,Unknown,需要进一步分析具体的利用场景,LOW,无法获取,无法获取,success
21,likeyun/liKeYun_TbkTool,https://github.com/likeyun/liKeYun_TbkTool,187,2020,php_dangerous_url_construction_server_name (No defense),YES,10,temp_likeyun\liKeYun_TbkTool\admin\Creat-Zjy.php,148,Unknown,Unknown_Sink,Unknown,需要进一步分析具体的利用场景,LOW,无法获取,无法获取,success
21,likeyun/liKeYun_TbkTool,https://github.com/likeyun/liKeYun_TbkTool,187,2020,php_dangerous_url_construction_server_name (No defense),YES,10,temp_likeyun\liKeYun_TbkTool\admin\Creat-Zjy.php,148,Unknown,Unknown_Sink,Unknown,需要进一步分析具体的利用场景,LOW,无法获取,无法获取,success
22,Mintimate/OneindexM,https://github.com/Mintimate/OneindexM,155,2020,php_dangerous_url_construction_http (No defense),YES,9,temp_Mintimate\OneindexM\controller\AdminController.php,207,Unknown,Unknown_Sink,Unknown,需要进一步分析具体的利用场景,LOW,无法获取,无法获取,success
22,Mintimate/OneindexM,https://github.com/Mintimate/OneindexM,155,2020,php_dangerous_url_construction_http (No defense),YES,9,temp_Mintimate\OneindexM\controller\AdminController.php,208,Unknown,Unknown_Sink,Unknown,需要进一步分析具体的利用场景,LOW,无法获取,无法获取,success
22,Mintimate/OneindexM,https://github.com/Mintimate/OneindexM,155,2020,php_dangerous_url_construction_http (No defense),YES,9,temp_Mintimate\OneindexM\controller\CommonController.php,142,Unknown,Unknown_Sink,Unknown,需要进一步分析具体的利用场景,LOW,无法获取,无法获取,success
22,Mintimate/OneindexM,https://github.com/Mintimate/OneindexM,155,2020,php_dangerous_url_construction_http (No defense),YES,9,temp_Mintimate\OneindexM\controller\ImagesController.php,24,Unknown,Unknown_Sink,Unknown,需要进一步分析具体的利用场景,LOW,无法获取,无法获取,success
22,Mintimate/OneindexM,https://github.com/Mintimate/OneindexM,155,2020,php_dangerous_url_construction_http (No defense),YES,9,temp_Mintimate\OneindexM\controller\IndexController.php,177,Unknown,Unknown_Sink,Unknown,需要进一步分析具体的利用场景,LOW,无法获取,无法获取,success
22,Mintimate/OneindexM,https://github.com/Mintimate/OneindexM,155,2020,php_dangerous_url_construction_http (No defense),YES,9,temp_Mintimate\OneindexM\controller\UploadController.php,103,Unknown,Unknown_Sink,Unknown,需要进一步分析具体的利用场景,LOW,无法获取,无法获取,success
22,Mintimate/OneindexM,https://github.com/Mintimate/OneindexM,155,2020,php_dangerous_url_construction_http (No defense),YES,9,temp_Mintimate\OneindexM\init.php,125,Unknown,Unknown_Sink,Unknown,需要进一步分析具体的利用场景,LOW,无法获取,无法获取,success
22,Mintimate/OneindexM,https://github.com/Mintimate/OneindexM,155,2020,php_dangerous_url_construction_http (No defense),YES,9,temp_Mintimate\OneindexM\lib\onedrive.php,20,Unknown,Unknown_Sink,Unknown,需要进一步分析具体的利用场景,LOW,无法获取,无法获取,success
22,Mintimate/OneindexM,https://github.com/Mintimate/OneindexM,155,2020,php_dangerous_url_construction_http (No defense),YES,9,temp_Mintimate\OneindexM\lib\onedrive.php,21,Unknown,Unknown_Sink,Unknown,需要进一步分析具体的利用场景,LOW,无法获取,无法获取,success
23,likeyun/WeChat-Group-HuoMa,https://github.com/likeyun/WeChat-Group-HuoMa,416,2020,php_dangerous_url_construction_server_name (No defense),YES,36,temp_likeyun\WeChat-Group-HuoMa\admin\add_qudao.php,84,Unknown,Unknown_Sink,Unknown,需要进一步分析具体的利用场景,LOW,无法获取,无法获取,success
23,likeyun/WeChat-Group-HuoMa,https://github.com/likeyun/WeChat-Group-HuoMa,416,2020,php_dangerous_url_construction_server_name (No defense),YES,36,temp_likeyun\WeChat-Group-HuoMa\admin\add_qudao.php,84,Unknown,Unknown_Sink,Unknown,需要进一步分析具体的利用场景,LOW,无法获取,无法获取,success
23,likeyun/WeChat-Group-HuoMa,https://github.com/likeyun/WeChat-Group-HuoMa,416,2020,php_dangerous_url_construction_server_name (No defense),YES,36,temp_likeyun\WeChat-Group-HuoMa\admin\add_qudao.php,86,Unknown,Unknown_Sink,Unknown,需要进一步分析具体的利用场景,LOW,无法获取,无法获取,success
23,likeyun/WeChat-Group-HuoMa,https://github.com/likeyun/WeChat-Group-HuoMa,416,2020,php_dangerous_url_construction_server_name (No defense),YES,36,temp_likeyun\WeChat-Group-HuoMa\admin\add_qudao.php,86,Unknown,Unknown_Sink,Unknown,需要进一步分析具体的利用场景,LOW,无法获取,无法获取,success
23,likeyun/WeChat-Group-HuoMa,https://github.com/likeyun/WeChat-Group-HuoMa,416,2020,php_dangerous_url_construction_server_name (No defense),YES,36,temp_likeyun\WeChat-Group-HuoMa\admin\add_qun.php,81,Unknown,Unknown_Sink,Unknown,需要进一步分析具体的利用场景,LOW,无法获取,无法获取,success
23,likeyun/WeChat-Group-HuoMa,https://github.com/likeyun/WeChat-Group-HuoMa,416,2020,php_dangerous_url_construction_server_name (No defense),YES,36,temp_likeyun\WeChat-Group-HuoMa\admin\add_qun.php,81,Unknown,Unknown_Sink,Unknown,需要进一步分析具体的利用场景,LOW,无法获取,无法获取,success
23,likeyun/WeChat-Group-HuoMa,https://github.com/likeyun/WeChat-Group-HuoMa,416,2020,php_dangerous_url_construction_server_name (No defense),YES,36,temp_likeyun\WeChat-Group-HuoMa\admin\add_qun.php,83,Unknown,Unknown_Sink,Unknown,需要进一步分析具体的利用场景,LOW,无法获取,无法获取,success
23,likeyun/WeChat-Group-HuoMa,https://github.com/likeyun/WeChat-Group-HuoMa,416,2020,php_dangerous_url_construction_server_name (No defense),YES,36,temp_likeyun\WeChat-Group-HuoMa\admin\add_qun.php,83,Unknown,Unknown_Sink,Unknown,需要进一步分析具体的利用场景,LOW,无法获取,无法获取,success
23,likeyun/WeChat-Group-HuoMa,https://github.com/likeyun/WeChat-Group-HuoMa,416,2020,php_dangerous_url_construction_server_name (No defense),YES,36,temp_likeyun\WeChat-Group-HuoMa\admin\edi_qudao.php,99,Unknown,Unknown_Sink,Unknown,需要进一步分析具体的利用场景,LOW,无法获取,无法获取,success
23,likeyun/WeChat-Group-HuoMa,https://github.com/likeyun/WeChat-Group-HuoMa,416,2020,php_dangerous_url_construction_server_name (No defense),YES,36,temp_likeyun\WeChat-Group-HuoMa\admin\edi_qudao.php,99,Unknown,Unknown_Sink,Unknown,需要进一步分析具体的利用场景,LOW,无法获取,无法获取,success
23,likeyun/WeChat-Group-HuoMa,https://github.com/likeyun/WeChat-Group-HuoMa,416,2020,php_dangerous_url_construction_server_name (No defense),YES,36,temp_likeyun\WeChat-Group-HuoMa\admin\edi_qudao.php,101,Unknown,Unknown_Sink,Unknown,需要进一步分析具体的利用场景,LOW,无法获取,无法获取,success
23,likeyun/WeChat-Group-HuoMa,https://github.com/likeyun/WeChat-Group-HuoMa,416,2020,php_dangerous_url_construction_server_name (No defense),YES,36,temp_likeyun\WeChat-Group-HuoMa\admin\edi_qudao.php,101,Unknown,Unknown_Sink,Unknown,需要进一步分析具体的利用场景,LOW,无法获取,无法获取,success
23,likeyun/WeChat-Group-HuoMa,https://github.com/likeyun/WeChat-Group-HuoMa,416,2020,php_dangerous_url_construction_server_name (No defense),YES,36,temp_likeyun\WeChat-Group-HuoMa\admin\edi_qun.php,94,Unknown,Unknown_Sink,Unknown,需要进一步分析具体的利用场景,LOW,无法获取,无法获取,success
23,likeyun/WeChat-Group-HuoMa,https://github.com/likeyun/WeChat-Group-HuoMa,416,2020,php_dangerous_url_construction_server_name (No defense),YES,36,temp_likeyun\WeChat-Group-HuoMa\admin\edi_qun.php,94,Unknown,Unknown_Sink,Unknown,需要进一步分析具体的利用场景,LOW,无法获取,无法获取,success
23,likeyun/WeChat-Group-HuoMa,https://github.com/likeyun/WeChat-Group-HuoMa,416,2020,php_dangerous_url_construction_server_name (No defense),YES,36,temp_likeyun\WeChat-Group-HuoMa\admin\edi_wx.php,92,Unknown,Unknown_Sink,Unknown,需要进一步分析具体的利用场景,LOW,无法获取,无法获取,success
23,likeyun/WeChat-Group-HuoMa,https://github.com/likeyun/WeChat-Group-HuoMa,416,2020,php_dangerous_url_construction_server_name (No defense),YES,36,temp_likeyun\WeChat-Group-HuoMa\admin\edi_wx.php,92,Unknown,Unknown_Sink,Unknown,需要进一步分析具体的利用场景,LOW,无法获取,无法获取,success
23,likeyun/WeChat-Group-HuoMa,https://github.com/likeyun/WeChat-Group-HuoMa,416,2020,php_dangerous_url_construction_server_name (No defense),YES,36,temp_likeyun\WeChat-Group-HuoMa\user\add_qudao.php,84,Unknown,Unknown_Sink,Unknown,需要进一步分析具体的利用场景,LOW,无法获取,无法获取,success
23,likeyun/WeChat-Group-HuoMa,https://github.com/likeyun/WeChat-Group-HuoMa,416,2020,php_dangerous_url_construction_server_name (No defense),YES,36,temp_likeyun\WeChat-Group-HuoMa\user\add_qudao.php,84,Unknown,Unknown_Sink,Unknown,需要进一步分析具体的利用场景,LOW,无法获取,无法获取,success
23,likeyun/WeChat-Group-HuoMa,https://github.com/likeyun/WeChat-Group-HuoMa,416,2020,php_dangerous_url_construction_server_name (No defense),YES,36,temp_likeyun\WeChat-Group-HuoMa\user\add_qudao.php,86,Unknown,Unknown_Sink,Unknown,需要进一步分析具体的利用场景,LOW,无法获取,无法获取,success
23,likeyun/WeChat-Group-HuoMa,https://github.com/likeyun/WeChat-Group-HuoMa,416,2020,php_dangerous_url_construction_server_name (No defense),YES,36,temp_likeyun\WeChat-Group-HuoMa\user\add_qudao.php,86,Unknown,Unknown_Sink,Unknown,需要进一步分析具体的利用场景,LOW,无法获取,无法获取,success
23,likeyun/WeChat-Group-HuoMa,https://github.com/likeyun/WeChat-Group-HuoMa,416,2020,php_dangerous_url_construction_server_name (No defense),YES,36,temp_likeyun\WeChat-Group-HuoMa\user\add_qun.php,82,Unknown,Unknown_Sink,Unknown,需要进一步分析具体的利用场景,LOW,无法获取,无法获取,success
23,likeyun/WeChat-Group-HuoMa,https://github.com/likeyun/WeChat-Group-HuoMa,416,2020,php_dangerous_url_construction_server_name (No defense),YES,36,temp_likeyun\WeChat-Group-HuoMa\user\add_qun.php,82,Unknown,Unknown_Sink,Unknown,需要进一步分析具体的利用场景,LOW,无法获取,无法获取,success
23,likeyun/WeChat-Group-HuoMa,https://github.com/likeyun/WeChat-Group-HuoMa,416,2020,php_dangerous_url_construction_server_name (No defense),YES,36,temp_likeyun\WeChat-Group-HuoMa\user\add_qun.php,84,Unknown,Unknown_Sink,Unknown,需要进一步分析具体的利用场景,LOW,无法获取,无法获取,success
23,likeyun/WeChat-Group-HuoMa,https://github.com/likeyun/WeChat-Group-HuoMa,416,2020,php_dangerous_url_construction_server_name (No defense),YES,36,temp_likeyun\WeChat-Group-HuoMa\user\add_qun.php,84,Unknown,Unknown_Sink,Unknown,需要进一步分析具体的利用场景,LOW,无法获取,无法获取,success
23,likeyun/WeChat-Group-HuoMa,https://github.com/likeyun/WeChat-Group-HuoMa,416,2020,php_dangerous_url_construction_server_name (No defense),YES,36,temp_likeyun\WeChat-Group-HuoMa\user\add_wx.php,85,Unknown,Unknown_Sink,Unknown,需要进一步分析具体的利用场景,LOW,无法获取,无法获取,success
23,likeyun/WeChat-Group-HuoMa,https://github.com/likeyun/WeChat-Group-HuoMa,416,2020,php_dangerous_url_construction_server_name (No defense),YES,36,temp_likeyun\WeChat-Group-HuoMa\user\add_wx.php,85,Unknown,Unknown_Sink,Unknown,需要进一步分析具体的利用场景,LOW,无法获取,无法获取,success
23,likeyun/WeChat-Group-HuoMa,https://github.com/likeyun/WeChat-Group-HuoMa,416,2020,php_dangerous_url_construction_server_name (No defense),YES,36,temp_likeyun\WeChat-Group-HuoMa\user\add_wx.php,87,Unknown,Unknown_Sink,Unknown,需要进一步分析具体的利用场景,LOW,无法获取,无法获取,success
23,likeyun/WeChat-Group-HuoMa,https://github.com/likeyun/WeChat-Group-HuoMa,416,2020,php_dangerous_url_construction_server_name (No defense),YES,36,temp_likeyun\WeChat-Group-HuoMa\user\add_wx.php,87,Unknown,Unknown_Sink,Unknown,需要进一步分析具体的利用场景,LOW,无法获取,无法获取,success
23,likeyun/WeChat-Group-HuoMa,https://github.com/likeyun/WeChat-Group-HuoMa,416,2020,php_dangerous_url_construction_server_name (No defense),YES,36,temp_likeyun\WeChat-Group-HuoMa\user\edi_qudao.php,99,Unknown,Unknown_Sink,Unknown,需要进一步分析具体的利用场景,LOW,无法获取,无法获取,success
23,likeyun/WeChat-Group-HuoMa,https://github.com/likeyun/WeChat-Group-HuoMa,416,2020,php_dangerous_url_construction_server_name (No defense),YES,36,temp_likeyun\WeChat-Group-HuoMa\user\edi_qudao.php,99,Unknown,Unknown_Sink,Unknown,需要进一步分析具体的利用场景,LOW,无法获取,无法获取,success
23,likeyun/WeChat-Group-HuoMa,https://github.com/likeyun/WeChat-Group-HuoMa,416,2020,php_dangerous_url_construction_server_name (No defense),YES,36,temp_likeyun\WeChat-Group-HuoMa\user\edi_qudao.php,101,Unknown,Unknown_Sink,Unknown,需要进一步分析具体的利用场景,LOW,无法获取,无法获取,success
23,likeyun/WeChat-Group-HuoMa,https://github.com/likeyun/WeChat-Group-HuoMa,416,2020,php_dangerous_url_construction_server_name (No defense),YES,36,temp_likeyun\WeChat-Group-HuoMa\user\edi_qudao.php,101,Unknown,Unknown_Sink,Unknown,需要进一步分析具体的利用场景,LOW,无法获取,无法获取,success
23,likeyun/WeChat-Group-HuoMa,https://github.com/likeyun/WeChat-Group-HuoMa,416,2020,php_dangerous_url_construction_server_name (No defense),YES,36,temp_likeyun\WeChat-Group-HuoMa\user\edi_qun.php,94,Unknown,Unknown_Sink,Unknown,需要进一步分析具体的利用场景,LOW,无法获取,无法获取,success
23,likeyun/WeChat-Group-HuoMa,https://github.com/likeyun/WeChat-Group-HuoMa,416,2020,php_dangerous_url_construction_server_name (No defense),YES,36,temp_likeyun\WeChat-Group-HuoMa\user\edi_qun.php,94,Unknown,Unknown_Sink,Unknown,需要进一步分析具体的利用场景,LOW,无法获取,无法获取,success
23,likeyun/WeChat-Group-HuoMa,https://github.com/likeyun/WeChat-Group-HuoMa,416,2020,php_dangerous_url_construction_server_name (No defense),YES,36,temp_likeyun\WeChat-Group-HuoMa\user\edi_wx.php,92,Unknown,Unknown_Sink,Unknown,需要进一步分析具体的利用场景,LOW,无法获取,无法获取,success
23,likeyun/WeChat-Group-HuoMa,https://github.com/likeyun/WeChat-Group-HuoMa,416,2020,php_dangerous_url_construction_server_name (No defense),YES,36,temp_likeyun\WeChat-Group-HuoMa\user\edi_wx.php,92,Unknown,Unknown_Sink,Unknown,需要进一步分析具体的利用场景,LOW,无法获取,无法获取,success
24,maxdenaro/maxgraph-youtube-source,https://github.com/maxdenaro/maxgraph-youtube-source,412,2020,php_dangerous_url_construction_http (No defense),YES,20,temp_maxdenaro\maxgraph-youtube-source\JS-плагины №10. Range слайдер для цены\PHPMailer\get_oauth_token.php,28,Unknown,Unknown_Sink,Unknown,需要进一步分析具体的利用场景,LOW,无法获取,无法获取,success
24,maxdenaro/maxgraph-youtube-source,https://github.com/maxdenaro/maxgraph-youtube-source,412,2020,php_dangerous_url_construction_http (No defense),YES,20,temp_maxdenaro\maxgraph-youtube-source\JS-плагины №10. Range слайдер для цены\mail.php,66,Unknown,Unknown_Sink,Unknown,需要进一步分析具体的利用场景,LOW,无法获取,无法获取,success
24,maxdenaro/maxgraph-youtube-source,https://github.com/maxdenaro/maxgraph-youtube-source,412,2020,php_dangerous_url_construction_http (No defense),YES,20,temp_maxdenaro\maxgraph-youtube-source\JS-плагины №2. Как сделать валидацию и маску для телефона\PHPMailer\get_oauth_token.php,28,Unknown,Unknown_Sink,Unknown,需要进一步分析具体的利用场景,LOW,无法获取,无法获取,success
24,maxdenaro/maxgraph-youtube-source,https://github.com/maxdenaro/maxgraph-youtube-source,412,2020,php_dangerous_url_construction_http (No defense),YES,20,temp_maxdenaro\maxgraph-youtube-source\JS-плагины №2. Как сделать валидацию и маску для телефона\mail.php,50,Unknown,Unknown_Sink,Unknown,需要进一步分析具体的利用场景,LOW,无法获取,无法获取,success
24,maxdenaro/maxgraph-youtube-source,https://github.com/maxdenaro/maxgraph-youtube-source,412,2020,php_dangerous_url_construction_http (No defense),YES,20,temp_maxdenaro\maxgraph-youtube-source\JS-плагины №4. Валидация и отправка формы + отправка файла\PHPMailer\get_oauth_token.php,28,Unknown,Unknown_Sink,Unknown,需要进一步分析具体的利用场景,LOW,无法获取,无法获取,success
24,maxdenaro/maxgraph-youtube-source,https://github.com/maxdenaro/maxgraph-youtube-source,412,2020,php_dangerous_url_construction_http (No defense),YES,20,temp_maxdenaro\maxgraph-youtube-source\JS-плагины №4. Валидация и отправка формы + отправка файла\mail.php,41,Unknown,Unknown_Sink,Unknown,需要进一步分析具体的利用场景,LOW,无法获取,无法获取,success
24,maxdenaro/maxgraph-youtube-source,https://github.com/maxdenaro/maxgraph-youtube-source,412,2020,php_dangerous_url_construction_http (No defense),YES,20,temp_maxdenaro\maxgraph-youtube-source\JS-плагины №7. Новое подключение swiper.js через npm\app\PHPMailer\get_oauth_token.php,28,Unknown,Unknown_Sink,Unknown,需要进一步分析具体的利用场景,LOW,无法获取,无法获取,success
24,maxdenaro/maxgraph-youtube-source,https://github.com/maxdenaro/maxgraph-youtube-source,412,2020,php_dangerous_url_construction_http (No defense),YES,20,temp_maxdenaro\maxgraph-youtube-source\JS-плагины №7. Новое подключение swiper.js через npm\app\mail.php,50,Unknown,Unknown_Sink,Unknown,需要进一步分析具体的利用场景,LOW,无法获取,无法获取,success
24,maxdenaro/maxgraph-youtube-source,https://github.com/maxdenaro/maxgraph-youtube-source,412,2020,php_dangerous_url_construction_http (No defense),YES,20,temp_maxdenaro\maxgraph-youtube-source\JS-плагины №7. Новое подключение swiper.js через npm\src\resources\PHPMailer\get_oauth_token.php,28,Unknown,Unknown_Sink,Unknown,需要进一步分析具体的利用场景,LOW,无法获取,无法获取,success
24,maxdenaro/maxgraph-youtube-source,https://github.com/maxdenaro/maxgraph-youtube-source,412,2020,php_dangerous_url_construction_http (No defense),YES,20,temp_maxdenaro\maxgraph-youtube-source\JS-плагины №7. Новое подключение swiper.js через npm\src\resources\mail.php,50,Unknown,Unknown_Sink,Unknown,需要进一步分析具体的利用场景,LOW,无法获取,无法获取,success
24,maxdenaro/maxgraph-youtube-source,https://github.com/maxdenaro/maxgraph-youtube-source,412,2020,php_dangerous_url_construction_http (No defense),YES,20,temp_maxdenaro\maxgraph-youtube-source\UI-компоненты №4. Корзина товаров на чистом js - отправка\PHPMailer\get_oauth_token.php,28,Unknown,Unknown_Sink,Unknown,需要进一步分析具体的利用场景,LOW,无法获取,无法获取,success
24,maxdenaro/maxgraph-youtube-source,https://github.com/maxdenaro/maxgraph-youtube-source,412,2020,php_dangerous_url_construction_http (No defense),YES,20,temp_maxdenaro\maxgraph-youtube-source\UI-компоненты №4. Корзина товаров на чистом js - отправка\mail.php,66,Unknown,Unknown_Sink,Unknown,需要进一步分析具体的利用场景,LOW,无法获取,无法获取,success
24,maxdenaro/maxgraph-youtube-source,https://github.com/maxdenaro/maxgraph-youtube-source,412,2020,php_dangerous_url_construction_http (No defense),YES,20,temp_maxdenaro\maxgraph-youtube-source\UI-компоненты №6. Корзина товаров на чистом js - localStorage\PHPMailer\get_oauth_token.php,28,Unknown,Unknown_Sink,Unknown,需要进一步分析具体的利用场景,LOW,无法获取,无法获取,success
24,maxdenaro/maxgraph-youtube-source,https://github.com/maxdenaro/maxgraph-youtube-source,412,2020,php_dangerous_url_construction_http (No defense),YES,20,temp_maxdenaro\maxgraph-youtube-source\UI-компоненты №6. Корзина товаров на чистом js - localStorage\mail.php,66,Unknown,Unknown_Sink,Unknown,需要进一步分析具体的利用场景,LOW,无法获取,无法获取,success
24,maxdenaro/maxgraph-youtube-source,https://github.com/maxdenaro/maxgraph-youtube-source,412,2020,php_dangerous_url_construction_http (No defense),YES,20,temp_maxdenaro\maxgraph-youtube-source\Марафон верстки №1. Mitravel\PHPMailer\get_oauth_token.php,28,Unknown,Unknown_Sink,Unknown,需要进一步分析具体的利用场景,LOW,无法获取,无法获取,success
24,maxdenaro/maxgraph-youtube-source,https://github.com/maxdenaro/maxgraph-youtube-source,412,2020,php_dangerous_url_construction_http (No defense),YES,20,temp_maxdenaro\maxgraph-youtube-source\Марафон верстки №1. Mitravel\mail.php,50,Unknown,Unknown_Sink,Unknown,需要进一步分析具体的利用场景,LOW,无法获取,无法获取,success
24,maxdenaro/maxgraph-youtube-source,https://github.com/maxdenaro/maxgraph-youtube-source,412,2020,php_dangerous_url_construction_http (No defense),YES,20,temp_maxdenaro\maxgraph-youtube-source\Марафон верстки №2. Zonex-YouTube\app\PHPMailer\get_oauth_token.php,28,Unknown,Unknown_Sink,Unknown,需要进一步分析具体的利用场景,LOW,无法获取,无法获取,success
24,maxdenaro/maxgraph-youtube-source,https://github.com/maxdenaro/maxgraph-youtube-source,412,2020,php_dangerous_url_construction_http (No defense),YES,20,temp_maxdenaro\maxgraph-youtube-source\Марафон верстки №2. Zonex-YouTube\app\mail.php,50,Unknown,Unknown_Sink,Unknown,需要进一步分析具体的利用场景,LOW,无法获取,无法获取,success
24,maxdenaro/maxgraph-youtube-source,https://github.com/maxdenaro/maxgraph-youtube-source,412,2020,php_dangerous_url_construction_http (No defense),YES,20,temp_maxdenaro\maxgraph-youtube-source\Марафон верстки №2. Zonex-YouTube\src\resources\PHPMailer\get_oauth_token.php,28,Unknown,Unknown_Sink,Unknown,需要进一步分析具体的利用场景,LOW,无法获取,无法获取,success
24,maxdenaro/maxgraph-youtube-source,https://github.com/maxdenaro/maxgraph-youtube-source,412,2020,php_dangerous_url_construction_http (No defense),YES,20,temp_maxdenaro\maxgraph-youtube-source\Марафон верстки №2. Zonex-YouTube\src\resources\mail.php,50,Unknown,Unknown_Sink,Unknown,需要进一步分析具体的利用场景,LOW,无法获取,无法获取,success
25,xieqifei/OneindexN,https://github.com/xieqifei/OneindexN,106,2020,php_dangerous_url_construction_http (No defense),YES,9,temp_xieqifei\OneindexN\controller\AdminController.php,206,Unknown,Unknown_Sink,Unknown,需要进一步分析具体的利用场景,LOW,无法获取,无法获取,success
25,xieqifei/OneindexN,https://github.com/xieqifei/OneindexN,106,2020,php_dangerous_url_construction_http (No defense),YES,9,temp_xieqifei\OneindexN\controller\AdminController.php,207,Unknown,Unknown_Sink,Unknown,需要进一步分析具体的利用场景,LOW,无法获取,无法获取,success
25,xieqifei/OneindexN,https://github.com/xieqifei/OneindexN,106,2020,php_dangerous_url_construction_http (No defense),YES,9,temp_xieqifei\OneindexN\controller\CommonController.php,142,Unknown,Unknown_Sink,Unknown,需要进一步分析具体的利用场景,LOW,无法获取,无法获取,success
25,xieqifei/OneindexN,https://github.com/xieqifei/OneindexN,106,2020,php_dangerous_url_construction_http (No defense),YES,9,temp_xieqifei\OneindexN\controller\ImagesController.php,24,Unknown,Unknown_Sink,Unknown,需要进一步分析具体的利用场景,LOW,无法获取,无法获取,success
25,xieqifei/OneindexN,https://github.com/xieqifei/OneindexN,106,2020,php_dangerous_url_construction_http (No defense),YES,9,temp_xieqifei\OneindexN\controller\IndexController.php,177,Unknown,Unknown_Sink,Unknown,需要进一步分析具体的利用场景,LOW,无法获取,无法获取,success
25,xieqifei/OneindexN,https://github.com/xieqifei/OneindexN,106,2020,php_dangerous_url_construction_http (No defense),YES,9,temp_xieqifei\OneindexN\controller\UploadController.php,103,Unknown,Unknown_Sink,Unknown,需要进一步分析具体的利用场景,LOW,无法获取,无法获取,success
25,xieqifei/OneindexN,https://github.com/xieqifei/OneindexN,106,2020,php_dangerous_url_construction_http (No defense),YES,9,temp_xieqifei\OneindexN\init.php,125,Unknown,Unknown_Sink,Unknown,需要进一步分析具体的利用场景,LOW,无法获取,无法获取,success
25,xieqifei/OneindexN,https://github.com/xieqifei/OneindexN,106,2020,php_dangerous_url_construction_http (No defense),YES,9,temp_xieqifei\OneindexN\lib\onedrive.php,20,Unknown,Unknown_Sink,Unknown,需要进一步分析具体的利用场景,LOW,无法获取,无法获取,success
25,xieqifei/OneindexN,https://github.com/xieqifei/OneindexN,106,2020,php_dangerous_url_construction_http (No defense),YES,9,temp_xieqifei\OneindexN\lib\onedrive.php,21,Unknown,Unknown_Sink,Unknown,需要进一步分析具体的利用场景,LOW,无法获取,无法获取,success
26,5ime/API-Admin,https://github.com/5ime/API-Admin,440,2020,php_dangerous_url_construction_server_name (No defense),YES,2,temp_5ime\API-Admin\thinkphp\library\think\log\driver\Socket.php,84,Unknown,Unknown_Sink,Unknown,需要进一步分析具体的利用场景,LOW,无法获取,无法获取,success
26,5ime/API-Admin,https://github.com/5ime/API-Admin,440,2020,php_dangerous_url_construction_server_name (No defense),YES,2,temp_5ime\API-Admin\thinkphp\library\think\log\driver\Socket.php,85,Unknown,Unknown_Sink,Unknown,需要进一步分析具体的利用场景,LOW,无法获取,无法获取,success
27,avedu/oneindex,https://github.com/avedu/oneindex,162,2020,php_dangerous_url_construction_http (No defense),YES,8,temp_avedu\oneindex\controller\AdminController.php,182,Unknown,Unknown_Sink,Unknown,需要进一步分析具体的利用场景,LOW,无法获取,无法获取,success
27,avedu/oneindex,https://github.com/avedu/oneindex,162,2020,php_dangerous_url_construction_http (No defense),YES,8,temp_avedu\oneindex\controller\AdminController.php,183,Unknown,Unknown_Sink,Unknown,需要进一步分析具体的利用场景,LOW,无法获取,无法获取,success
27,avedu/oneindex,https://github.com/avedu/oneindex,162,2020,php_dangerous_url_construction_http (No defense),YES,8,temp_avedu\oneindex\controller\ImagesController.php,24,Unknown,Unknown_Sink,Unknown,需要进一步分析具体的利用场景,LOW,无法获取,无法获取,success
27,avedu/oneindex,https://github.com/avedu/oneindex,162,2020,php_dangerous_url_construction_http (No defense),YES,8,temp_avedu\oneindex\controller\IndexController.php,135,Unknown,Unknown_Sink,Unknown,需要进一步分析具体的利用场景,LOW,无法获取,无法获取,success
27,avedu/oneindex,https://github.com/avedu/oneindex,162,2020,php_dangerous_url_construction_http (No defense),YES,8,temp_avedu\oneindex\controller\UploadController.php,102,Unknown,Unknown_Sink,Unknown,需要进一步分析具体的利用场景,LOW,无法获取,无法获取,success
27,avedu/oneindex,https://github.com/avedu/oneindex,162,2020,php_dangerous_url_construction_http (No defense),YES,8,temp_avedu\oneindex\init.php,126,Unknown,Unknown_Sink,Unknown,需要进一步分析具体的利用场景,LOW,无法获取,无法获取,success
27,avedu/oneindex,https://github.com/avedu/oneindex,162,2020,php_dangerous_url_construction_http (No defense),YES,8,temp_avedu\oneindex\lib\onedrive.php,16,Unknown,Unknown_Sink,Unknown,需要进一步分析具体的利用场景,LOW,无法获取,无法获取,success
27,avedu/oneindex,https://github.com/avedu/oneindex,162,2020,php_dangerous_url_construction_http (No defense),YES,8,temp_avedu\oneindex\lib\onedrive.php,17,Unknown,Unknown_Sink,Unknown,需要进一步分析具体的利用场景,LOW,无法获取,无法获取,success
28,sh377c0d3/Payloads,https://github.com/sh377c0d3/Payloads,909,2020,php_dangerous_url_construction_server_name (No defense),SKIP,0,,,,,,,,,clone_failed
29,nov23e/Oneindex,https://github.com/nov23e/Oneindex,146,2020,php_dangerous_url_construction_http (No defense),YES,8,temp_nov23e\Oneindex\controller\AdminController.php,182,Unknown,Unknown_Sink,Unknown,需要进一步分析具体的利用场景,LOW,无法获取,无法获取,success
29,nov23e/Oneindex,https://github.com/nov23e/Oneindex,146,2020,php_dangerous_url_construction_http (No defense),YES,8,temp_nov23e\Oneindex\controller\AdminController.php,183,Unknown,Unknown_Sink,Unknown,需要进一步分析具体的利用场景,LOW,无法获取,无法获取,success
29,nov23e/Oneindex,https://github.com/nov23e/Oneindex,146,2020,php_dangerous_url_construction_http (No defense),YES,8,temp_nov23e\Oneindex\controller\ImagesController.php,24,Unknown,Unknown_Sink,Unknown,需要进一步分析具体的利用场景,LOW,无法获取,无法获取,success
29,nov23e/Oneindex,https://github.com/nov23e/Oneindex,146,2020,php_dangerous_url_construction_http (No defense),YES,8,temp_nov23e\Oneindex\controller\IndexController.php,135,Unknown,Unknown_Sink,Unknown,需要进一步分析具体的利用场景,LOW,无法获取,无法获取,success
29,nov23e/Oneindex,https://github.com/nov23e/Oneindex,146,2020,php_dangerous_url_construction_http (No defense),YES,8,temp_nov23e\Oneindex\controller\UploadController.php,102,Unknown,Unknown_Sink,Unknown,需要进一步分析具体的利用场景,LOW,无法获取,无法获取,success
29,nov23e/Oneindex,https://github.com/nov23e/Oneindex,146,2020,php_dangerous_url_construction_http (No defense),YES,8,temp_nov23e\Oneindex\init.php,126,Unknown,Unknown_Sink,Unknown,需要进一步分析具体的利用场景,LOW,无法获取,无法获取,success
29,nov23e/Oneindex,https://github.com/nov23e/Oneindex,146,2020,php_dangerous_url_construction_http (No defense),YES,8,temp_nov23e\Oneindex\lib\onedrive.php,16,Unknown,Unknown_Sink,Unknown,需要进一步分析具体的利用场景,LOW,无法获取,无法获取,success
29,nov23e/Oneindex,https://github.com/nov23e/Oneindex,146,2020,php_dangerous_url_construction_http (No defense),YES,8,temp_nov23e\Oneindex\lib\onedrive.php,17,Unknown,Unknown_Sink,Unknown,需要进一步分析具体的利用场景,LOW,无法获取,无法获取,success
30,yz20032004/suishouhui,https://github.com/yz20032004/suishouhui,114,2020,php_dangerous_url_construction_http (No defense),SKIP,0,,,,,,,,,timeout
31,Cristy94/markdown-blog,https://github.com/Cristy94/markdown-blog,103,2020,php_dangerous_url_construction_https (No defense),YES,1,temp_Cristy94\markdown-blog\markdown-blog\postRenderer.php,38,Unknown,Unknown_Sink,Unknown,需要进一步分析具体的利用场景,LOW,无法获取,无法获取,success
32,TheWizWikii/TheWizWikii.github.io,https://github.com/TheWizWikii/TheWizWikii.github.io,148,2020,php_dangerous_url_construction_https (No defense),SKIP,0,,,,,,,,,timeout
33,Blokura/Epay,https://github.com/Blokura/Epay,245,2020,php_dangerous_url_construction_http (No defense),YES,32,temp_Blokura\Epay\admin\ajax.php,6,Unknown,Unknown_Sink,Unknown,需要进一步分析具体的利用场景,LOW,无法获取,无法获取,success
33,Blokura/Epay,https://github.com/Blokura/Epay,245,2020,php_dangerous_url_construction_http (No defense),YES,32,temp_Blokura\Epay\admin\set.php,544,Unknown,Unknown_Sink,Unknown,需要进一步分析具体的利用场景,LOW,无法获取,无法获取,success
33,Blokura/Epay,https://github.com/Blokura/Epay,245,2020,php_dangerous_url_construction_http (No defense),YES,32,temp_Blokura\Epay\includes\common.php,14,Unknown,Unknown_Sink,Unknown,需要进一步分析具体的利用场景,LOW,无法获取,无法获取,success
33,Blokura/Epay,https://github.com/Blokura/Epay,245,2020,php_dangerous_url_construction_http (No defense),YES,32,temp_Blokura\Epay\includes\functions.php,401,Unknown,Unknown_Sink,Unknown,需要进一步分析具体的利用场景,LOW,无法获取,无法获取,success
33,Blokura/Epay,https://github.com/Blokura/Epay,245,2020,php_dangerous_url_construction_http (No defense),YES,32,temp_Blokura\Epay\includes\functions.php,401,Unknown,Unknown_Sink,Unknown,需要进一步分析具体的利用场景,LOW,无法获取,无法获取,success
33,Blokura/Epay,https://github.com/Blokura/Epay,245,2020,php_dangerous_url_construction_http (No defense),YES,32,temp_Blokura\Epay\includes\functions.php,401,Unknown,Unknown_Sink,Unknown,需要进一步分析具体的利用场景,LOW,无法获取,无法获取,success
33,Blokura/Epay,https://github.com/Blokura/Epay,245,2020,php_dangerous_url_construction_http (No defense),YES,32,temp_Blokura\Epay\install\index.php,75,Unknown,Unknown_Sink,Unknown,需要进一步分析具体的利用场景,LOW,无法获取,无法获取,success
33,Blokura/Epay,https://github.com/Blokura/Epay,245,2020,php_dangerous_url_construction_http (No defense),YES,32,temp_Blokura\Epay\install\update.php,38,Unknown,Unknown_Sink,Unknown,需要进一步分析具体的利用场景,LOW,无法获取,无法获取,success
33,Blokura/Epay,https://github.com/Blokura/Epay,245,2020,php_dangerous_url_construction_http (No defense),YES,32,temp_Blokura\Epay\paypage\ajax.php,5,Unknown,Unknown_Sink,Unknown,需要进一步分析具体的利用场景,LOW,无法获取,无法获取,success
33,Blokura/Epay,https://github.com/Blokura/Epay,245,2020,php_dangerous_url_construction_http (No defense),YES,32,temp_Blokura\Epay\plugins\aliold\submit.php,11,Unknown,Unknown_Sink,Unknown,需要进一步分析具体的利用场景,LOW,无法获取,无法获取,success
33,Blokura/Epay,https://github.com/Blokura/Epay,245,2020,php_dangerous_url_construction_http (No defense),YES,32,temp_Blokura\Epay\plugins\alipay\submit.php,16,Unknown,Unknown_Sink,Unknown,需要进一步分析具体的利用场景,LOW,无法获取,无法获取,success
33,Blokura/Epay,https://github.com/Blokura/Epay,245,2020,php_dangerous_url_construction_http (No defense),YES,32,temp_Blokura\Epay\plugins\swiftpass\inc\WxPay.JsApiPay.php,71,Unknown,Unknown_Sink,Unknown,需要进一步分析具体的利用场景,LOW,无法获取,无法获取,success
33,Blokura/Epay,https://github.com/Blokura/Epay,245,2020,php_dangerous_url_construction_http (No defense),YES,32,temp_Blokura\Epay\plugins\unionpay\inc\WxPay.JsApiPay.php,71,Unknown,Unknown_Sink,Unknown,需要进一步分析具体的利用场景,LOW,无法获取,无法获取,success
33,Blokura/Epay,https://github.com/Blokura/Epay,245,2020,php_dangerous_url_construction_http (No defense),YES,32,temp_Blokura\Epay\plugins\wxpay\inc\WxPay.JsApiPay.php,45,Unknown,Unknown_Sink,Unknown,需要进一步分析具体的利用场景,LOW,无法获取,无法获取,success
33,Blokura/Epay,https://github.com/Blokura/Epay,245,2020,php_dangerous_url_construction_http (No defense),YES,32,temp_Blokura\Epay\plugins\wxpay\inc\WxPay.JsApiPay.php,151,Unknown,Unknown_Sink,Unknown,需要进一步分析具体的利用场景,LOW,无法获取,无法获取,success
33,Blokura/Epay,https://github.com/Blokura/Epay,245,2020,php_dangerous_url_construction_http (No defense),YES,32,temp_Blokura\Epay\plugins\wxpay\submit.php,5,Unknown,Unknown_Sink,Unknown,需要进一步分析具体的利用场景,LOW,无法获取,无法获取,success
33,Blokura/Epay,https://github.com/Blokura/Epay,245,2020,php_dangerous_url_construction_http (No defense),YES,32,temp_Blokura\Epay\plugins\wxpay\submit.php,11,Unknown,Unknown_Sink,Unknown,需要进一步分析具体的利用场景,LOW,无法获取,无法获取,success
33,Blokura/Epay,https://github.com/Blokura/Epay,245,2020,php_dangerous_url_construction_http (No defense),YES,32,temp_Blokura\Epay\plugins\wxpay\submit.php,16,Unknown,Unknown_Sink,Unknown,需要进一步分析具体的利用场景,LOW,无法获取,无法获取,success
33,Blokura/Epay,https://github.com/Blokura/Epay,245,2020,php_dangerous_url_construction_http (No defense),YES,32,temp_Blokura\Epay\plugins\wxpaysl\inc\WxPay.JsApiPay.php,45,Unknown,Unknown_Sink,Unknown,需要进一步分析具体的利用场景,LOW,无法获取,无法获取,success
33,Blokura/Epay,https://github.com/Blokura/Epay,245,2020,php_dangerous_url_construction_http (No defense),YES,32,temp_Blokura\Epay\plugins\wxpaysl\inc\WxPay.JsApiPay.php,151,Unknown,Unknown_Sink,Unknown,需要进一步分析具体的利用场景,LOW,无法获取,无法获取,success
33,Blokura/Epay,https://github.com/Blokura/Epay,245,2020,php_dangerous_url_construction_http (No defense),YES,32,temp_Blokura\Epay\plugins\wxpaysl\submit.php,5,Unknown,Unknown_Sink,Unknown,需要进一步分析具体的利用场景,LOW,无法获取,无法获取,success
33,Blokura/Epay,https://github.com/Blokura/Epay,245,2020,php_dangerous_url_construction_http (No defense),YES,32,temp_Blokura\Epay\plugins\wxpaysl\submit.php,11,Unknown,Unknown_Sink,Unknown,需要进一步分析具体的利用场景,LOW,无法获取,无法获取,success
33,Blokura/Epay,https://github.com/Blokura/Epay,245,2020,php_dangerous_url_construction_http (No defense),YES,32,temp_Blokura\Epay\plugins\wxpaysl\submit.php,16,Unknown,Unknown_Sink,Unknown,需要进一步分析具体的利用场景,LOW,无法获取,无法获取,success
33,Blokura/Epay,https://github.com/Blokura/Epay,245,2020,php_dangerous_url_construction_http (No defense),YES,32,temp_Blokura\Epay\template\index10\index.php,118,Unknown,Unknown_Sink,Unknown,需要进一步分析具体的利用场景,LOW,无法获取,无法获取,success
33,Blokura/Epay,https://github.com/Blokura/Epay,245,2020,php_dangerous_url_construction_http (No defense),YES,32,temp_Blokura\Epay\template\index4\index.php,85,Unknown,Unknown_Sink,Unknown,需要进一步分析具体的利用场景,LOW,无法获取,无法获取,success
33,Blokura/Epay,https://github.com/Blokura/Epay,245,2020,php_dangerous_url_construction_http (No defense),YES,32,temp_Blokura\Epay\user\ajax.php,5,Unknown,Unknown_Sink,Unknown,需要进一步分析具体的利用场景,LOW,无法获取,无法获取,success
33,Blokura/Epay,https://github.com/Blokura/Epay,245,2020,php_dangerous_url_construction_http (No defense),YES,32,temp_Blokura\Epay\user\ajax.php,280,Unknown,Unknown_Sink,Unknown,需要进一步分析具体的利用场景,LOW,无法获取,无法获取,success
33,Blokura/Epay,https://github.com/Blokura/Epay,245,2020,php_dangerous_url_construction_http (No defense),YES,32,temp_Blokura\Epay\user\ajax.php,280,Unknown,Unknown_Sink,Unknown,需要进一步分析具体的利用场景,LOW,无法获取,无法获取,success
33,Blokura/Epay,https://github.com/Blokura/Epay,245,2020,php_dangerous_url_construction_http (No defense),YES,32,temp_Blokura\Epay\user\ajax.php,446,Unknown,Unknown_Sink,Unknown,需要进一步分析具体的利用场景,LOW,无法获取,无法获取,success
33,Blokura/Epay,https://github.com/Blokura/Epay,245,2020,php_dangerous_url_construction_http (No defense),YES,32,temp_Blokura\Epay\user\ajax2.php,6,Unknown,Unknown_Sink,Unknown,需要进一步分析具体的利用场景,LOW,无法获取,无法获取,success
33,Blokura/Epay,https://github.com/Blokura/Epay,245,2020,php_dangerous_url_construction_http (No defense),YES,32,temp_Blokura\Epay\user\qrlogin.php,102,Unknown,Unknown_Sink,Unknown,需要进一步分析具体的利用场景,LOW,无法获取,无法获取,success
33,Blokura/Epay,https://github.com/Blokura/Epay,245,2020,php_dangerous_url_construction_http (No defense),YES,32,temp_Blokura\Epay\user\wxlogin.php,46,Unknown,Unknown_Sink,Unknown,需要进一步分析具体的利用场景,LOW,无法获取,无法获取,success
34,robbraxman/braxme,https://github.com/robbraxman/braxme,149,2019,php_dangerous_url_construction_http (No defense),SKIP,0,,,,,,,,,timeout
35,Layne666/oneindex,https://github.com/Layne666/oneindex,226,2019,php_dangerous_url_construction_http (No defense),YES,9,temp_Layne666\oneindex\controller\AdminController.php,184,Unknown,Unknown_Sink,Unknown,需要进一步分析具体的利用场景,LOW,无法获取,无法获取,success
35,Layne666/oneindex,https://github.com/Layne666/oneindex,226,2019,php_dangerous_url_construction_http (No defense),YES,9,temp_Layne666\oneindex\controller\AdminController.php,185,Unknown,Unknown_Sink,Unknown,需要进一步分析具体的利用场景,LOW,无法获取,无法获取,success
35,Layne666/oneindex,https://github.com/Layne666/oneindex,226,2019,php_dangerous_url_construction_http (No defense),YES,9,temp_Layne666\oneindex\controller\ImagesController.php,26,Unknown,Unknown_Sink,Unknown,需要进一步分析具体的利用场景,LOW,无法获取,无法获取,success
35,Layne666/oneindex,https://github.com/Layne666/oneindex,226,2019,php_dangerous_url_construction_http (No defense),YES,9,temp_Layne666\oneindex\controller\ImagesController.php,52,Unknown,Unknown_Sink,Unknown,需要进一步分析具体的利用场景,LOW,无法获取,无法获取,success
35,Layne666/oneindex,https://github.com/Layne666/oneindex,226,2019,php_dangerous_url_construction_http (No defense),YES,9,temp_Layne666\oneindex\controller\IndexController.php,135,Unknown,Unknown_Sink,Unknown,需要进一步分析具体的利用场景,LOW,无法获取,无法获取,success
35,Layne666/oneindex,https://github.com/Layne666/oneindex,226,2019,php_dangerous_url_construction_http (No defense),YES,9,temp_Layne666\oneindex\controller\UploadController.php,102,Unknown,Unknown_Sink,Unknown,需要进一步分析具体的利用场景,LOW,无法获取,无法获取,success
35,Layne666/oneindex,https://github.com/Layne666/oneindex,226,2019,php_dangerous_url_construction_http (No defense),YES,9,temp_Layne666\oneindex\init.php,126,Unknown,Unknown_Sink,Unknown,需要进一步分析具体的利用场景,LOW,无法获取,无法获取,success
35,Layne666/oneindex,https://github.com/Layne666/oneindex,226,2019,php_dangerous_url_construction_http (No defense),YES,9,temp_Layne666\oneindex\lib\onedrive.php,17,Unknown,Unknown_Sink,Unknown,需要进一步分析具体的利用场景,LOW,无法获取,无法获取,success
35,Layne666/oneindex,https://github.com/Layne666/oneindex,226,2019,php_dangerous_url_construction_http (No defense),YES,9,temp_Layne666\oneindex\lib\onedrive.php,18,Unknown,Unknown_Sink,Unknown,需要进一步分析具体的利用场景,LOW,无法获取,无法获取,success
36,su18/Stitch,https://github.com/su18/Stitch,189,2019,php_dangerous_url_construction_server_name (No defense),YES,1,temp_su18\Stitch\stitch.php,1656,Unknown,Unknown_Sink,Unknown,需要进一步分析具体的利用场景,LOW,无法获取,无法获取,success
37,rakesh-m-r/DBMS-MINI-Project,https://github.com/rakesh-m-r/DBMS-MINI-Project,137,2019,php_dangerous_url_construction_http (No defense),YES,1,temp_rakesh-m-r\DBMS-MINI-Project\PHPMailer\get_oauth_token.php,28,Unknown,Unknown_Sink,Unknown,需要进一步分析具体的利用场景,LOW,无法获取,无法获取,success
38,PlutoaCharon/AWD-Attack-Defense,https://github.com/PlutoaCharon/AWD-Attack-Defense,131,2019,php_dangerous_url_construction_server_name (No defense),YES,11,temp_PlutoaCharon\AWD-Attack-Defense\weblogger\weblogpro.php,364,Unknown,Unknown_Sink,Unknown,需要进一步分析具体的利用场景,LOW,无法获取,无法获取,success
38,PlutoaCharon/AWD-Attack-Defense,https://github.com/PlutoaCharon/AWD-Attack-Defense,131,2019,php_dangerous_url_construction_server_name (No defense),YES,11,temp_PlutoaCharon\AWD-Attack-Defense\weblogger\weblogpro.php,364,Unknown,Unknown_Sink,Unknown,需要进一步分析具体的利用场景,LOW,无法获取,无法获取,success
38,PlutoaCharon/AWD-Attack-Defense,https://github.com/PlutoaCharon/AWD-Attack-Defense,131,2019,php_dangerous_url_construction_server_name (No defense),YES,11,temp_PlutoaCharon\AWD-Attack-Defense\weblogger\weblogpro.php,365,Unknown,Unknown_Sink,Unknown,需要进一步分析具体的利用场景,LOW,无法获取,无法获取,success
38,PlutoaCharon/AWD-Attack-Defense,https://github.com/PlutoaCharon/AWD-Attack-Defense,131,2019,php_dangerous_url_construction_server_name (No defense),YES,11,temp_PlutoaCharon\AWD-Attack-Defense\weblogger\weblogpro.php,365,Unknown,Unknown_Sink,Unknown,需要进一步分析具体的利用场景,LOW,无法获取,无法获取,success
38,PlutoaCharon/AWD-Attack-Defense,https://github.com/PlutoaCharon/AWD-Attack-Defense,131,2019,php_dangerous_url_construction_server_name (No defense),YES,11,temp_PlutoaCharon\AWD-Attack-Defense\weblogger\weblogpro.php,366,Unknown,Unknown_Sink,Unknown,需要进一步分析具体的利用场景,LOW,无法获取,无法获取,success
38,PlutoaCharon/AWD-Attack-Defense,https://github.com/PlutoaCharon/AWD-Attack-Defense,131,2019,php_dangerous_url_construction_server_name (No defense),YES,11,temp_PlutoaCharon\AWD-Attack-Defense\weblogger\weblogpro.php,366,Unknown,Unknown_Sink,Unknown,需要进一步分析具体的利用场景,LOW,无法获取,无法获取,success
38,PlutoaCharon/AWD-Attack-Defense,https://github.com/PlutoaCharon/AWD-Attack-Defense,131,2019,php_dangerous_url_construction_server_name (No defense),YES,11,temp_PlutoaCharon\AWD-Attack-Defense\weblogger\weblogpro.php,367,Unknown,Unknown_Sink,Unknown,需要进一步分析具体的利用场景,LOW,无法获取,无法获取,success
38,PlutoaCharon/AWD-Attack-Defense,https://github.com/PlutoaCharon/AWD-Attack-Defense,131,2019,php_dangerous_url_construction_server_name (No defense),YES,11,temp_PlutoaCharon\AWD-Attack-Defense\weblogger\weblogpro.php,367,Unknown,Unknown_Sink,Unknown,需要进一步分析具体的利用场景,LOW,无法获取,无法获取,success
38,PlutoaCharon/AWD-Attack-Defense,https://github.com/PlutoaCharon/AWD-Attack-Defense,131,2019,php_dangerous_url_construction_server_name (No defense),YES,11,temp_PlutoaCharon\AWD-Attack-Defense\weblogger\weblogpro.php,368,Unknown,Unknown_Sink,Unknown,需要进一步分析具体的利用场景,LOW,无法获取,无法获取,success
38,PlutoaCharon/AWD-Attack-Defense,https://github.com/PlutoaCharon/AWD-Attack-Defense,131,2019,php_dangerous_url_construction_server_name (No defense),YES,11,temp_PlutoaCharon\AWD-Attack-Defense\weblogger\weblogpro.php,368,Unknown,Unknown_Sink,Unknown,需要进一步分析具体的利用场景,LOW,无法获取,无法获取,success
38,PlutoaCharon/AWD-Attack-Defense,https://github.com/PlutoaCharon/AWD-Attack-Defense,131,2019,php_dangerous_url_construction_server_name (No defense),YES,11,temp_PlutoaCharon\AWD-Attack-Defense\防御\waf.php,36,Unknown,Unknown_Sink,Unknown,需要进一步分析具体的利用场景,LOW,无法获取,无法获取,success
39,sharpleung/CTF-WAF,https://github.com/sharpleung/CTF-WAF,293,2019,php_dangerous_url_construction_server_name (No defense),NO,0,,,,,,,,,success
40,Cherry-toto/jizhicms,https://github.com/Cherry-toto/jizhicms,201,2019,php_dangerous_url_construction_http (No defense),YES,9,temp_Cherry-toto\jizhicms\app\home\c\MypayController.php,342,Unknown,Unknown_Sink,Unknown,需要进一步分析具体的利用场景,LOW,无法获取,无法获取,success
40,Cherry-toto/jizhicms,https://github.com/Cherry-toto/jizhicms,201,2019,php_dangerous_url_construction_http (No defense),YES,9,temp_Cherry-toto\jizhicms\app\home\c\OrderController.php,412,Unknown,Unknown_Sink,Unknown,需要进一步分析具体的利用场景,LOW,无法获取,无法获取,success
40,Cherry-toto/jizhicms,https://github.com/Cherry-toto/jizhicms,201,2019,php_dangerous_url_construction_http (No defense),YES,9,temp_Cherry-toto\jizhicms\conf\Functions.php,69,Unknown,Unknown_Sink,Unknown,需要进一步分析具体的利用场景,LOW,无法获取,无法获取,success
40,Cherry-toto/jizhicms,https://github.com/Cherry-toto/jizhicms,201,2019,php_dangerous_url_construction_http (No defense),YES,9,temp_Cherry-toto\jizhicms\frphp\common\Functions.php,321,Unknown,Unknown_Sink,Unknown,需要进一步分析具体的利用场景,LOW,无法获取,无法获取,success
40,Cherry-toto/jizhicms,https://github.com/Cherry-toto/jizhicms,201,2019,php_dangerous_url_construction_http (No defense),YES,9,temp_Cherry-toto\jizhicms\frphp\common\Functions.php,322,Unknown,Unknown_Sink,Unknown,需要进一步分析具体的利用场景,LOW,无法获取,无法获取,success
40,Cherry-toto/jizhicms,https://github.com/Cherry-toto/jizhicms,201,2019,php_dangerous_url_construction_http (No defense),YES,9,temp_Cherry-toto\jizhicms\frphp\extend\PHPMailer\get_oauth_token.php,28,Unknown,Unknown_Sink,Unknown,需要进一步分析具体的利用场景,LOW,无法获取,无法获取,success
40,Cherry-toto/jizhicms,https://github.com/Cherry-toto/jizhicms,201,2019,php_dangerous_url_construction_http (No defense),YES,9,temp_Cherry-toto\jizhicms\frphp\extend\pay\wechat\WxpayService.php,30,Unknown,Unknown_Sink,Unknown,需要进一步分析具体的利用场景,LOW,无法获取,无法获取,success
40,Cherry-toto/jizhicms,https://github.com/Cherry-toto/jizhicms,201,2019,php_dangerous_url_construction_http (No defense),YES,9,temp_Cherry-toto\jizhicms\install\index.php,148,Unknown,Unknown_Sink,Unknown,需要进一步分析具体的利用场景,LOW,无法获取,无法获取,success
40,Cherry-toto/jizhicms,https://github.com/Cherry-toto/jizhicms,201,2019,php_dangerous_url_construction_http (No defense),YES,9,temp_Cherry-toto\jizhicms\install\index.php,149,Unknown,Unknown_Sink,Unknown,需要进一步分析具体的利用场景,LOW,无法获取,无法获取,success
41,phonegapX/CoinEx,https://github.com/phonegapX/CoinEx,106,2019,php_dangerous_url_construction_http (No defense),SKIP,0,,,,,,,,,timeout
42,Casual-Ragnarok/ro-single-server,https://github.com/Casual-Ragnarok/ro-single-server,161,2019,php_dangerous_url_construction_http (No defense),SKIP,0,,,,,,,,,clone_failed
43,Kevil-hui/BestShell,https://github.com/Kevil-hui/BestShell,106,2019,php_dangerous_url_construction_server_name (No defense),NO,0,,,,,,,,,success
44,quarkcloudio/fullstack-backend,https://github.com/quarkcloudio/fullstack-backend,283,2019,php_dangerous_url_construction_server_name (No defense),YES,16,temp_quarkcloudio\fullstack-backend\app\Http\Controllers\Admin\AccountController.php,32,Unknown,Unknown_Sink,Unknown,需要进一步分析具体的利用场景,LOW,无法获取,无法获取,success
44,quarkcloudio/fullstack-backend,https://github.com/quarkcloudio/fullstack-backend,283,2019,php_dangerous_url_construction_server_name (No defense),YES,16,temp_quarkcloudio\fullstack-backend\app\Http\Controllers\Admin\FileController.php,287,Unknown,Unknown_Sink,Unknown,需要进一步分析具体的利用场景,LOW,无法获取,无法获取,success
44,quarkcloudio/fullstack-backend,https://github.com/quarkcloudio/fullstack-backend,283,2019,php_dangerous_url_construction_server_name (No defense),YES,16,temp_quarkcloudio\fullstack-backend\app\Http\Controllers\Admin\FileController.php,474,Unknown,Unknown_Sink,Unknown,需要进一步分析具体的利用场景,LOW,无法获取,无法获取,success
44,quarkcloudio/fullstack-backend,https://github.com/quarkcloudio/fullstack-backend,283,2019,php_dangerous_url_construction_server_name (No defense),YES,16,temp_quarkcloudio\fullstack-backend\app\Http\Controllers\Admin\PictureController.php,102,Unknown,Unknown_Sink,Unknown,需要进一步分析具体的利用场景,LOW,无法获取,无法获取,success
44,quarkcloudio/fullstack-backend,https://github.com/quarkcloudio/fullstack-backend,283,2019,php_dangerous_url_construction_server_name (No defense),YES,16,temp_quarkcloudio\fullstack-backend\app\Http\Controllers\Admin\PictureController.php,794,Unknown,Unknown_Sink,Unknown,需要进一步分析具体的利用场景,LOW,无法获取,无法获取,success
44,quarkcloudio/fullstack-backend,https://github.com/quarkcloudio/fullstack-backend,283,2019,php_dangerous_url_construction_server_name (No defense),YES,16,temp_quarkcloudio\fullstack-backend\app\Services\Helper.php,407,Unknown,Unknown_Sink,Unknown,需要进一步分析具体的利用场景,LOW,无法获取,无法获取,success
44,quarkcloudio/fullstack-backend,https://github.com/quarkcloudio/fullstack-backend,283,2019,php_dangerous_url_construction_server_name (No defense),YES,16,temp_quarkcloudio\fullstack-backend\app\Services\Helper.php,599,Unknown,Unknown_Sink,Unknown,需要进一步分析具体的利用场景,LOW,无法获取,无法获取,success
44,quarkcloudio/fullstack-backend,https://github.com/quarkcloudio/fullstack-backend,283,2019,php_dangerous_url_construction_server_name (No defense),YES,16,temp_quarkcloudio\fullstack-backend\app\Services\Helper.php,601,Unknown,Unknown_Sink,Unknown,需要进一步分析具体的利用场景,LOW,无法获取,无法获取,success
44,quarkcloudio/fullstack-backend,https://github.com/quarkcloudio/fullstack-backend,283,2019,php_dangerous_url_construction_server_name (No defense),YES,16,temp_quarkcloudio\fullstack-backend\app\Services\Helper.php,646,Unknown,Unknown_Sink,Unknown,需要进一步分析具体的利用场景,LOW,无法获取,无法获取,success
44,quarkcloudio/fullstack-backend,https://github.com/quarkcloudio/fullstack-backend,283,2019,php_dangerous_url_construction_server_name (No defense),YES,16,temp_quarkcloudio\fullstack-backend\app\Services\Helper.php,649,Unknown,Unknown_Sink,Unknown,需要进一步分析具体的利用场景,LOW,无法获取,无法获取,success
44,quarkcloudio/fullstack-backend,https://github.com/quarkcloudio/fullstack-backend,283,2019,php_dangerous_url_construction_server_name (No defense),YES,16,temp_quarkcloudio\fullstack-backend\app\Services\Helper.php,736,Unknown,Unknown_Sink,Unknown,需要进一步分析具体的利用场景,LOW,无法获取,无法获取,success
44,quarkcloudio/fullstack-backend,https://github.com/quarkcloudio/fullstack-backend,283,2019,php_dangerous_url_construction_server_name (No defense),YES,16,temp_quarkcloudio\fullstack-backend\app\Services\Helper.php,763,Unknown,Unknown_Sink,Unknown,需要进一步分析具体的利用场景,LOW,无法获取,无法获取,success
44,quarkcloudio/fullstack-backend,https://github.com/quarkcloudio/fullstack-backend,283,2019,php_dangerous_url_construction_server_name (No defense),YES,16,temp_quarkcloudio\fullstack-backend\app\Services\Helper.php,767,Unknown,Unknown_Sink,Unknown,需要进一步分析具体的利用场景,LOW,无法获取,无法获取,success
44,quarkcloudio/fullstack-backend,https://github.com/quarkcloudio/fullstack-backend,283,2019,php_dangerous_url_construction_server_name (No defense),YES,16,temp_quarkcloudio\fullstack-backend\app\Services\Helper.php,789,Unknown,Unknown_Sink,Unknown,需要进一步分析具体的利用场景,LOW,无法获取,无法获取,success
44,quarkcloudio/fullstack-backend,https://github.com/quarkcloudio/fullstack-backend,283,2019,php_dangerous_url_construction_server_name (No defense),YES,16,temp_quarkcloudio\fullstack-backend\app\Services\Helper.php,798,Unknown,Unknown_Sink,Unknown,需要进一步分析具体的利用场景,LOW,无法获取,无法获取,success
44,quarkcloudio/fullstack-backend,https://github.com/quarkcloudio/fullstack-backend,283,2019,php_dangerous_url_construction_server_name (No defense),YES,16,temp_quarkcloudio\fullstack-backend\app\Services\Helper.php,820,Unknown,Unknown_Sink,Unknown,需要进一步分析具体的利用场景,LOW,无法获取,无法获取,success
45,glzjin/20190511_awd_docker,https://github.com/glzjin/20190511_awd_docker,207,2019,php_dangerous_url_construction_http (No defense),SKIP,0,,,,,,,,,timeout
46,yankovalenko94/Webdev2019,https://github.com/yankovalenko94/Webdev2019,260,2019,php_dangerous_url_construction_http (No defense),YES,4,temp_yankovalenko94\Webdev2019\Pulse_step_10\src\mailer\phpmailer\get_oauth_token.php,28,Unknown,Unknown_Sink,Unknown,需要进一步分析具体的利用场景,LOW,无法获取,无法获取,success
46,yankovalenko94/Webdev2019,https://github.com/yankovalenko94/Webdev2019,260,2019,php_dangerous_url_construction_http (No defense),YES,4,temp_yankovalenko94\Webdev2019\Pulse_step_11\src\mailer\phpmailer\get_oauth_token.php,28,Unknown,Unknown_Sink,Unknown,需要进一步分析具体的利用场景,LOW,无法获取,无法获取,success
46,yankovalenko94/Webdev2019,https://github.com/yankovalenko94/Webdev2019,260,2019,php_dangerous_url_construction_http (No defense),YES,4,temp_yankovalenko94\Webdev2019\Pulse_step_8\src\mailer\phpmailer\get_oauth_token.php,28,Unknown,Unknown_Sink,Unknown,需要进一步分析具体的利用场景,LOW,无法获取,无法获取,success
46,yankovalenko94/Webdev2019,https://github.com/yankovalenko94/Webdev2019,260,2019,php_dangerous_url_construction_http (No defense),YES,4,temp_yankovalenko94\Webdev2019\Pulse_step_9\src\mailer\phpmailer\get_oauth_token.php,28,Unknown,Unknown_Sink,Unknown,需要进一步分析具体的利用场景,LOW,无法获取,无法获取,success
47,shadowsocks/shadow-shop,https://github.com/shadowsocks/shadow-shop,109,2019,php_dangerous_url_construction_https (No defense),SKIP,0,,,,,,,,,timeout
48,baomihuahua/lolimeow,https://github.com/baomihuahua/lolimeow,762,2019,php_dangerous_url_construction_https (No defense),YES,4,temp_baomihuahua\lolimeow\page\p-go.php,42,Unknown,Unknown_Sink,Unknown,需要进一步分析具体的利用场景,LOW,无法获取,无法获取,success
48,baomihuahua/lolimeow,https://github.com/baomihuahua/lolimeow,762,2019,php_dangerous_url_construction_https (No defense),YES,4,temp_baomihuahua\lolimeow\page\p-go.php,49,Unknown,Unknown_Sink,Unknown,需要进一步分析具体的利用场景,LOW,无法获取,无法获取,success
48,baomihuahua/lolimeow,https://github.com/baomihuahua/lolimeow,762,2019,php_dangerous_url_construction_https (No defense),YES,4,temp_baomihuahua\lolimeow\page\p-goto.php,45,Unknown,Unknown_Sink,Unknown,需要进一步分析具体的利用场景,LOW,无法获取,无法获取,success
48,baomihuahua/lolimeow,https://github.com/baomihuahua/lolimeow,762,2019,php_dangerous_url_construction_https (No defense),YES,4,temp_baomihuahua\lolimeow\page\p-goto.php,52,Unknown,Unknown_Sink,Unknown,需要进一步分析具体的利用场景,LOW,无法获取,无法获取,success
49,TideSec/WDScanner,https://github.com/TideSec/WDScanner,2089,2019,php_dangerous_url_construction_http (No defense),YES,1,temp_TideSec\WDScanner\include\doc.class.php,227,Unknown,Unknown_Sink,Unknown,需要进一步分析具体的利用场景,LOW,无法获取,无法获取,success
50,Nu1LCTF/n1ctf-2019,https://github.com/Nu1LCTF/n1ctf-2019,119,2018,php_dangerous_url_construction_server_name (No defense),SKIP,0,,,,,,,,,timeout
51,landrok/activitypub,https://github.com/landrok/activitypub,279,2018,php_dangerous_url_construction_http (No defense),NO,0,,,,,,,,,success
